filename	total_length	number	mean_length	longest	shortest	N_count	Gaps	N50	N50n	N70	N70n	N90	N90n
103764.fasta	5360313	245	21878.83	310997	202	0	0	73857	23	45571	42	16554	80
111396.fasta	5158918	174	29648.95	380002	207	0	0	113260	14	79023	25	28265	46
12zCTX.fasta	5244973	129	40658.71	428867	203	0	0	138527	11	92665	20	34397	38
142661.fasta	5129896	191	26858.09	270595	208	0	0	113533	16	76759	27	25021	49
142897.fasta	5371316	238	22568.55	342996	202	0	0	112077	15	61541	27	20117	55
1541m1.fasta	5172545	242	21374.15	587808	208	0	0	111428	14	67174	27	22926	51
1553m1.fasta	5408488	296	18271.92	587809	207	0	0	110360	16	61028	29	19505	57
1560m1.fasta	5184819	260	19941.61	587808	203	0	0	110360	15	61028	28	21186	53
1568m1.fasta	5167292	243	21264.58	587652	200	0	0	111428	14	67174	26	20657	52
1581H.fasta	4846252	97	49961.36	538045	207	0	0	193420	9	97839	16	37400	31
1585m1.fasta	5167263	244	21177.31	587964	208	0	0	111428	14	62192	27	22926	52
1586m1.fasta	5170033	244	21188.66	391053	203	0	0	101401	16	62192	29	20716	55
1605m1.fasta	5203292	246	21151.59	587965	204	0	0	113327	14	67751	26	23398	49
1657m1.fasta	5258409	233	22568.28	391056	203	0	0	88270	17	62191	31	24324	58
1680m1.fasta	5211719	249	20930.60	391056	203	0	0	88270	17	59933	31	24324	57
2009_49.fasta	5016269	161	31156.95	379784	217	0	0	123504	14	67960	24	30864	45
20098.fasta	4994549	113	44199.55	318807	208	0	0	128904	12	97974	21	44098	35
2063.fasta	5078133	108	47019.75	612284	218	0	0	140469	11	101144	19	52917	33
2067.fasta	5078117	114	44544.89	415529	218	0	0	140540	12	82058	21	42155	37
2078.fasta	5175517	161	32146.07	609416	203	0	0	113373	12	72545	24	30552	44
2183.fasta	5105095	155	32936.10	410328	203	0	0	158265	11	82564	19	26284	41
2203.fasta	4880853	139	35114.05	576725	203	0	0	121657	12	83592	21	28961	39
26497.fasta	5055220	162	31205.06	270595	231	0	0	102962	15	63880	27	26340	49
27116.fasta	4830234	131	36872.02	358446	208	0	0	112077	13	82060	22	35134	40
28137.fasta	4850793	103	47095.08	466466	208	0	0	166124	10	133557	17	61034	28
29184.fasta	5301622	280	18934.36	318703	201	0	0	112077	15	69142	27	19578	53
29817.fasta	5133330	178	28838.93	390733	202	0	0	125688	12	86840	21	25958	40
30372.fasta	5278570	253	20863.91	304547	211	0	0	111968	15	62990	28	20117	55
30CTX.fasta	4958680	155	31991.48	247550	200	0	0	115169	15	76141	26	31047	48
31479.fasta	4997019	148	33763.64	373982	207	0	0	125639	11	82066	21	26876	40
32068.fasta	5182258	158	32799.10	382269	208	0	0	141236	12	86159	21	31749	39
32153.fasta	5285997	197	26832.47	562575	202	0	0	109949	13	82060	23	35347	43
32205.fasta	5376781	242	22218.10	334702	207	0	0	109201	16	67396	28	20117	54
3523.fasta	4974247	184	27033.95	480469	203	0	0	185391	9	106522	16	41011	30
4365.fasta	4869192	94	51799.91	526311	200	0	0	140581	10	100397	18	44371	31
4381.fasta	5805468	874	6642.41	195755	200	0	0	36132	51	19450	94	4117	208
4438.fasta	4868667	90	54096.30	526311	200	0	0	158796	10	111921	17	61028	29
46149.fasta	5050833	162	31177.98	404881	202	0	0	117050	13	76015	24	26316	47
47711.fasta	5318471	211	25206.02	346012	201	0	0	97974	17	60164	30	23435	57
9162ESCO.fasta	5144386	337	15265.24	410130	203	0	0	105998	15	59122	28	21608	56
AD741.fasta	4943820	159	31093.21	288508	202	0	0	112077	14	83684	24	30180	42
AD742.fasta	5147671	180	28598.17	387197	201	0	0	143170	11	99189	19	34994	36
AVC193.fasta	4845596	133	36433.05	410153	201	0	0	135668	12	95036	20	36849	37
CE145N.fasta	5123882	162	31628.90	674906	202	0	0	154663	10	98091	19	34962	37
CE1568.fasta	5171993	242	21371.87	587964	208	0	0	111514	14	67750	26	21046	51
CE1605.fasta	4968120	145	34262.90	329081	201	0	0	154427	11	82282	20	31091	39
CE1606.fasta	4966260	132	37623.18	410328	201	0	0	154427	10	89185	18	35243	35
CE1657.fasta	4961505	121	41004.17	410328	223	0	0	154427	10	82064	18	37051	35
CE627.fasta	4810906	117	41118.85	264935	208	0	0	123821	14	82082	23	32689	41
CE701N.fasta	5131119	204	25152.54	597397	200	0	0	115380	12	58444	24	21178	52
CE70N.fasta	5029577	169	29760.81	674906	202	0	0	138202	11	98075	19	36807	36
CE91.fasta	4844945	115	42129.96	264944	208	0	0	123821	15	82541	24	31091	43
CFL3ctx.fasta	5086541	161	31593.42	375703	200	0	0	109107	14	67276	25	30865	47
CN35ctx.fasta	5289968	151	35032.90	292592	200	0	0	150242	13	88329	22	39342	39
DRR102547.fasta	5063175	154	32877.76	326436	208	0	0	136004	12	98955	20	36219	36
DRR102553.fasta	4808894	120	40074.12	356496	202	0	0	137744	12	82202	21	43035	35
DRR102992.fasta	4957246	162	30600.28	425305	240	0	0	177514	10	82078	19	31039	36
DRR103028.fasta	5073400	195	26017.44	324946	202	0	0	129295	14	76758	24	26579	46
DRR103038.fasta	5082684	214	23750.86	376166	202	0	0	91799	16	62935	29	22401	54
DRR103054.fasta	5132882	153	33548.25	376797	202	0	0	148865	11	104526	20	33387	37
DRR103113.fasta	5283166	266	19861.53	291638	209	0	0	111324	15	73238	27	20093	55
DRR103134.fasta	5309810	188	28243.67	361941	202	0	0	119045	13	81363	24	31077	44
DRR103151.fasta	4962404	145	34223.48	282195	202	0	0	111181	15	67526	26	30803	48
DRR103167.fasta	5179910	223	23228.30	318762	202	0	0	112241	15	77659	27	24283	54
DRR103192.fasta	4981533	281	17727.88	146986	202	0	0	48511	30	28046	57	10184	114
DRR103261.fasta	5279396	204	25879.39	258182	202	0	0	116152	16	62614	28	25167	54
E0407.fasta	5228588	207	25258.88	379646	201	0	0	109184	16	72606	27	26368	51
Ec1493.fasta	4925544	109	45188.48	418361	202	0	0	158528	11	112016	18	63815	29
Ec4011.fasta	5102520	158	32294.43	418438	208	0	0	158531	11	111954	19	38088	33
Eco1211.fasta	5053615	164	30814.73	318762	208	0	0	112077	15	79023	25	29681	45
EK2.29.fasta	4765068	113	42168.74	374851	204	0	0	182355	10	93241	17	33871	32
EK3.44.fasta	4771521	136	35084.71	382698	201	0	0	133483	11	76377	21	28446	43
ERR1417750.fasta	4817624	102	47231.61	433497	203	0	0	185594	10	128351	16	56856	28
ERR1512396.fasta	5009564	163	30733.52	389619	206	0	0	143986	11	93590	19	27191	36
ERR1512494.fasta	4930049	110	44818.63	342369	202	0	0	131088	11	82060	21	41361	37
ERR1512522.fasta	5042650	153	32958.50	276386	208	0	0	101765	17	76015	28	28175	50
ERR1656389.fasta	5048678	173	29183.11	269487	226	0	0	83686	18	49918	34	20583	64
ERR1656401.fasta	5046901	185	27280.55	211579	216	0	0	83685	19	55486	34	19265	64
ERR1656402.fasta	5762640	347	16607.03	247505	231	0	0	61057	24	35565	48	7654	111
ERR1656403.fasta	5825087	405	14382.93	270042	215	0	0	102962	19	40001	37	4889	118
ERR1656410.fasta	5360804	256	20940.64	265268	202	0	0	109217	15	68057	27	15773	55
ERR1656416.fasta	5308854	295	17996.12	242524	208	0	0	92821	20	54755	34	12870	70
ERR2019093.fasta	5085183	180	28251.02	421339	202	0	0	154676	11	98123	19	29359	36
ERR2019113.fasta	5184825	178	29128.23	360668	201	0	0	121095	15	66815	26	23520	50
ERR2019245.fasta	5149777	259	19883.31	316559	211	0	0	93146	18	62592	31	20687	56
ERR2019258.fasta	5090652	197	25840.87	410599	202	0	0	158527	11	82066	19	27375	38
ERR2027622.fasta	5216672	181	28821.39	302797	208	0	0	98244	16	69524	28	23016	52
ERR2124232.fasta	5022412	216	23251.91	268348	202	0	0	111671	15	76711	26	24864	48
ERR2124239.fasta	4997459	165	30287.63	419737	204	0	0	183074	10	101103	17	39585	33
ERR2193922.fasta	5055827	274	18451.92	429053	205	0	0	113788	13	75379	24	24843	46
ERR2205913.fasta	5009485	131	38240.34	292823	202	0	0	117605	14	67644	25	31038	47
ERR2205967.fasta	5051315	175	28864.66	288509	208	0	0	105442	15	67396	27	24877	50
ERR2205972.fasta	5155359	197	26169.34	338305	202	0	0	185354	11	89840	19	28584	38
ERR2205997.fasta	5053837	163	31005.13	369617	202	0	0	101732	14	58193	27	22491	54
ERR2205998.fasta	5008355	165	30353.67	288495	208	0	0	96706	16	56999	30	24204	57
ERR2206023.fasta	5057066	130	38900.51	291632	202	0	0	126023	13	82788	23	31123	40
ERR2820187.fasta	5014517	167	30027.05	480569	203	0	0	135715	11	75967	21	26001	43
ERR2987523.fasta	5050768	160	31567.30	332675	201	0	0	115980	13	77336	24	32966	43
ERR2987536.fasta	5616823	290	19368.36	405975	207	0	0	105097	17	58752	31	19769	65
ERR2987547.fasta	4995666	215	23235.66	188647	218	0	0	77585	22	53756	38	19227	67
ERR2987551.fasta	4993167	181	27586.56	264920	218	0	0	92842	19	56557	33	24161	58
ERR2987552.fasta	4995117	195	25615.98	292442	211	0	0	92882	17	56558	31	22976	57
ERR3040214.fasta	4602717	249	18484.81	108171	202	0	0	36882	39	23191	69	9876	127
ERR3140352.fasta	4815741	144	33442.65	510862	202	0	0	166425	10	88318	19	43899	33
ERR3328221.fasta	5066537	156	32477.80	264944	211	0	0	108913	16	76727	27	28632	48
ERR3328477.fasta	4812870	108	44563.61	391407	211	0	0	140579	12	98126	19	37010	35
ERR3328879.fasta	4739142	86	55106.30	636227	208	0	0	134068	9	93911	17	42526	31
ERR3328932.fasta	5028785	138	36440.47	326611	210	0	0	153558	12	90242	20	40718	36
ERR3328943.fasta	4645555	93	49952.20	346459	201	0	0	136790	12	99092	20	43742	33
ERR3328953.fasta	5017340	137	36622.92	426196	210	0	0	143537	12	82040	21	38422	37
ERR3328970.fasta	5034344	133	37852.21	334737	203	0	0	133880	12	83410	22	35102	40
ERR3329001.fasta	4697904	96	48936.50	634065	208	0	0	140582	9	99157	17	51304	29
ERR3329074.fasta	4821137	104	46357.09	321930	203	0	0	133514	10	74295	21	37993	39
ERR3329258.fasta	4861484	113	43021.98	641383	218	0	0	195889	8	133476	14	44763	25
ERR3329261.fasta	4849109	111	43685.67	530177	200	0	0	154676	9	98126	17	42156	30
ERR3329361.fasta	4922901	121	40685.13	670428	208	0	0	157700	9	99157	17	37122	31
ERR3330144.fasta	5006314	118	42426.39	593935	205	0	0	118273	12	76727	22	38610	41
ERR3330200.fasta	4765390	112	42548.12	594813	211	0	0	158262	9	110641	16	39122	29
ERR3330254.fasta	4722592	112	42166.00	566426	218	0	0	140301	9	98126	16	35010	32
ERR3330277.fasta	5090567	184	27666.12	322000	203	0	0	138643	13	72587	23	29270	43
ERR3330297.fasta	4970343	186	26722.27	281496	206	0	0	97841	14	76062	26	26284	47
ERR3330300.fasta	4719332	101	46726.06	488589	206	0	0	144271	9	88185	18	36906	33
ERR3330459.fasta	4866807	131	37151.20	401628	206	0	0	146083	11	88278	19	41768	33
ERR3330562.fasta	4797847	129	37192.61	594813	211	0	0	138378	10	93909	19	37009	34
ERR3330583.fasta	5018710	128	39208.67	576764	200	0	0	126013	11	85277	20	35102	37
ERR3333501.fasta	5106573	169	30216.41	418108	202	0	0	158528	11	99189	20	26364	38
ERR3333503.fasta	5231306	235	22260.88	323261	202	0	0	92270	17	59944	31	18653	57
ERR3333512.fasta	4943097	147	33626.51	411108	202	0	0	172263	10	91517	18	42327	33
ERR3333534.fasta	5144713	183	28113.19	270587	207	0	0	112160	14	76015	25	24482	50
ERR3333550.fasta	4709585	104	45284.47	462862	202	0	0	177514	10	107016	17	44406	29
ERR3333582.fasta	5085348	117	43464.51	499375	225	0	0	143604	11	90275	20	43898	34
ERR3333594.fasta	5120306	131	39086.31	339361	207	0	0	139316	12	94288	21	35757	38
ERR3333606.fasta	5172873	129	40099.79	463179	202	0	0	170406	10	103536	18	45512	32
ERR3333607.fasta	5040284	163	30921.99	306765	202	0	0	106606	15	76733	26	31123	47
ESBL20140011.fasta	5148686	179	28763.61	288508	208	0	0	112160	16	74485	27	25664	51
ESBL20140051.fasta	5095934	187	27250.98	288508	208	0	0	112077	15	76759	26	26316	49
ESBL20140168.fasta	5046678	167	30219.63	391449	227	0	0	112160	14	83684	24	27073	43
ESBL20140304.fasta	5081810	206	24668.98	318763	200	0	0	108661	15	79023	25	20122	50
ESBL20150330.fasta	5043876	187	26972.60	446948	208	0	0	103352	14	76759	25	23804	47
ESBL20150343.fasta	5175972	168	30809.36	318762	208	0	0	117054	15	82066	25	30056	46
ESBL20160204.fasta	5103107	276	18489.52	206587	202	0	0	61979	26	30004	51	10262	104
ESBL20160351.fasta	4932196	173	28509.80	288364	201	0	0	109169	14	76672	24	26268	46
ESBL20160365.fasta	4918197	194	25351.53	225272	203	0	0	99533	17	63350	29	25177	52
ESBL20170243.fasta	4981276	187	26637.84	348047	214	0	0	104601	15	72061	27	26244	50
ESBL20170337.fasta	5009752	214	23410.06	273172	201	0	0	96163	19	54511	32	20069	62
ESBL20170358.fasta	4994767	171	29209.16	267284	204	0	0	86557	16	61010	30	27270	53
ESBL20170423.fasta	4881865	224	21794.04	209011	203	0	0	72578	24	40779	42	15561	80
ESBL20180248.fasta	5326045	339	15711.05	221802	200	0	0	97926	19	47309	35	10143	75
ESBL20180309.fasta	5223623	274	19064.32	193405	202	0	0	64792	24	37895	45	13854	91
ESBL_Ecoli_2.64.fasta	4949515	144	34371.63	287844	202	0	0	138119	13	88097	21	31096	40
ESBL_Ecoli_4.03.fasta	4895073	186	26317.60	264762	208	0	0	103266	16	61088	28	24752	52
HOS48.fasta	4887774	135	36205.73	388014	201	0	0	125950	11	76658	20	30503	41
HP107.fasta	5011410	127	39459.92	410330	211	0	0	135303	10	78991	20	37058	37
HP131.fasta	5200863	225	23114.95	327749	200	0	0	109195	15	63636	28	25717	54
HP144.fasta	5011159	121	41414.54	567659	202	0	0	137411	9	78991	19	37056	36
HP149.fasta	5205482	256	20333.91	286636	200	0	0	108982	16	61659	30	22924	57
HP150.fasta	5109859	184	27770.97	289725	206	0	0	109195	16	62163	27	29408	50
HP40.fasta	5010569	125	40084.55	410330	202	0	0	137411	10	78991	20	37056	37
HP41.fasta	4982893	159	31338.95	329600	201	0	0	117495	12	78989	22	35525	40
HP71.fasta	5091462	131	38866.12	556611	203	0	0	155351	10	89788	18	31091	37
HP79.fasta	5012921	131	38266.57	410330	202	0	0	137411	10	78991	20	37056	37
HP89.fasta	5012876	137	36590.34	567659	202	0	0	137411	9	78991	19	35102	37
HP90.fasta	5010303	121	41407.46	567347	202	0	0	137411	9	78991	19	37056	36
HPG4.fasta	5123021	132	38810.77	436403	203	0	0	155351	11	84521	20	31091	40
HPG79.fasta	5155681	175	29461.03	521675	200	0	0	111922	14	74170	25	25308	50
HPG98.fasta	5021026	153	32817.16	304738	200	0	0	108982	15	61659	26	25350	53
IBIS_25.fasta	4869298	114	42713.14	382446	225	0	0	157484	11	109105	18	37265	33
IBIS_27.fasta	4870804	118	41278.00	616497	219	0	0	158197	9	98062	17	37099	33
IBIS_28.fasta	4869598	121	40244.61	379309	200	0	0	157594	11	98062	18	37099	35
IBIS_31.fasta	4869954	116	41982.36	616375	219	0	0	157594	10	109106	17	37099	32
IBIS_33.fasta	4869617	113	43093.96	616377	224	0	0	158197	9	109106	17	37698	31
IBIS_34.fasta	4870999	118	41279.65	419692	219	0	0	157596	11	98062	19	37265	34
IBIS_35.fasta	4907423	122	40224.78	419462	201	0	0	157594	11	108180	18	37265	34
IBIS_36.fasta	4873016	116	42008.76	395474	201	0	0	185701	10	111455	17	37099	32
IBIS_37.fasta	4872606	117	41646.21	379424	208	0	0	158197	10	109105	18	37133	33
IBIS_38.fasta	4870874	114	42726.96	616377	225	0	0	158197	9	109106	17	37099	32
IBIS_39.fasta	4870835	120	40590.29	579009	240	0	0	157594	10	109106	17	36827	34
IBIS_40.fasta	4871165	121	40257.56	579002	219	0	0	157594	10	109106	17	37099	34
IBIS_42.fasta	4872511	116	42004.41	416682	219	0	0	158197	10	109105	18	37448	32
IBIS_43.fasta	4871307	127	38356.75	416682	208	0	0	146790	11	98062	19	36865	36
IBIS_45.fasta	4871933	120	40599.44	419692	219	0	0	157594	11	109105	18	37265	33
IBIS_52.fasta	4870282	118	41273.58	395474	201	0	0	157484	11	109106	18	37099	33
IBIS_53.fasta	4869766	114	42717.25	392809	201	0	0	157596	11	109106	18	37099	34
IBIS_54.fasta	4871000	117	41632.48	616382	224	0	0	157484	10	109105	17	37099	33
IBIS_55.fasta	4872993	121	40272.67	616377	208	0	0	158197	9	109106	17	37113	32
IBIS_56.fasta	4871419	119	40936.29	616382	219	0	0	157594	10	109105	17	37133	33
IBIS_57.fasta	4869857	114	42718.04	616377	224	0	0	158197	9	109105	17	37265	32
IBIS_59.fasta	4870864	106	45951.55	416797	201	0	0	158197	10	109106	18	37698	32
IBIS_61.fasta	4870305	117	41626.54	416682	225	0	0	157484	11	95064	19	37265	35
IMT17513.fasta	5084370	163	31192.45	269517	208	0	0	112077	15	79023	25	23608	49
IMT17548.fasta	4954998	159	31163.51	368377	202	0	0	101463	15	74869	26	31075	48
IMT17550.fasta	4978778	145	34336.40	368392	202	0	0	106319	14	79028	24	33099	43
IMT17572.fasta	5056116	191	26471.81	332482	202	0	0	108966	16	71153	27	25421	52
IMT18276.fasta	5199398	185	28104.85	327235	202	0	0	137443	13	76015	23	26316	47
IMT18579.fasta	5158965	258	19995.99	522876	203	0	0	101783	14	64298	26	22618	52
IMT18614.fasta	5030273	163	30860.57	304390	208	0	0	112160	15	76759	26	33134	44
IMT19550.fasta	5171903	194	26659.29	260041	208	0	0	109216	17	76015	28	24877	53
IMT20106.fasta	5194860	214	24275.05	288510	202	0	0	98175	18	57913	31	25467	57
IMT21439.fasta	4852242	157	30906.00	314900	208	0	0	124841	12	79028	22	26316	44
IMT24109.fasta	5161755	224	23043.55	272245	208	0	0	103349	16	60418	29	17621	59
IMT24815.fasta	5040057	174	28965.84	258200	208	0	0	109227	16	74941	28	25833	51
Liv24.fasta	5118158	159	32189.67	341282	201	0	0	124011	14	75226	24	30488	44
Liv26.fasta	5121207	161	31808.74	436227	204	0	0	133447	12	82423	21	30194	44
Liv48.fasta	5125093	151	33941.01	387042	208	0	0	121947	15	75864	25	29912	47
Liv89.fasta	5283569	189	27955.39	376726	209	0	0	123323	14	76663	26	26220	49
MI-12-184.fasta	5102347	147	34709.84	380040	202	0	0	135763	11	82054	21	31123	42
MI-12-427.fasta	5109716	172	29707.65	410566	202	0	0	177514	11	98158	19	26316	40
MI-12-604.fasta	4779641	111	43059.83	589658	202	0	0	163141	10	88318	18	51249	32
MI-12-654.fasta	5108791	161	31731.62	410566	202	0	0	138673	11	86029	21	26316	42
OT_ESBL_0359.fasta	4929976	301	16378.66	199174	201	0	0	57455	27	28948	50	12882	99
OT_ESBL_0441.fasta	5099596	202	25245.52	272080	203	0	0	109136	15	59802	27	25759	54
OT_ESBL_1040.fasta	4847417	149	32533.00	346778	202	0	0	173959	11	98094	18	28406	36
RE12.fasta	4770034	152	31381.80	370414	210	0	0	161302	10	111614	17	36908	32
RE13.fasta	4770527	155	30777.59	370413	208	0	0	166860	10	119002	17	36849	32
RE14.fasta	4769249	152	31376.64	370413	201	0	0	166860	10	119002	17	36849	32
RE15.fasta	5010942	145	34558.22	370413	201	0	0	185780	10	123505	17	37035	31
RE16.fasta	4769373	148	32225.49	370414	208	0	0	158197	11	118948	17	35038	33
RE17.fasta	4770318	144	33127.21	370413	208	0	0	166860	10	119002	17	37035	30
RE18.fasta	4771549	153	31186.59	370414	208	0	0	166860	10	118977	17	36850	32
RE1.fasta	4773376	149	32036.08	370414	208	0	0	166860	10	119002	17	36887	32
RE2.fasta	4777131	146	32720.08	370414	208	0	0	166860	10	118977	17	37035	30
RE3.fasta	4774712	151	31620.61	332852	201	0	0	166860	11	118977	18	37035	31
RE5.fasta	4767412	139	34297.93	370414	208	0	0	166860	10	119002	17	37035	30
RE8.fasta	4771682	160	29823.01	332852	210	0	0	166860	10	104447	18	36850	32
SafeFoodERA_ESBL_045.fasta	5121400	369	13879.13	145808	201	0	0	39492	37	21558	74	7100	155
SafeFoodERA_ESBL_097.fasta	5197978	222	23414.32	179911	225	0	0	74300	23	36923	42	13201	87
SafeFoodERA_ESBL_101.fasta	5188049	178	29146.34	230035	362	0	0	65948	22	43992	42	15912	80
SafeFoodERA_ESBL_375.fasta	5180267	241	21494.88	232028	205	0	0	111613	17	76077	28	23805	54
SafeFoodERA_ESBL_423.fasta	5219455	162	32218.86	522687	208	0	0	109147	13	75371	25	35054	44
SafeFoodERA_ESBL_582.fasta	4910987	175	28062.78	572083	200	0	0	105606	13	61611	25	35741	45
SH12c.fasta	5150292	397	12973.03	264798	200	0	0	102929	17	54723	30	20085	58
SH30c.fasta	5014635	139	36076.51	318641	231	0	0	134788	13	82060	22	35134	40
SH5c.fasta	5118444	256	19993.92	160981	203	0	0	78323	24	42880	43	15037	80
SRR10024307.fasta	5099414	174	29306.98	288457	206	0	0	109217	15	76015	26	28310	47
SRR10040058.fasta	5211669	190	27429.84	512509	202	0	0	140193	11	99234	19	28583	39
SRR10040861.fasta	5213054	186	28027.17	512416	202	0	0	140179	11	99205	19	28583	39
SRR10049353.fasta	5071628	142	35715.69	467546	200	0	0	158529	11	111951	18	35999	32
SRR10049720.fasta	4700343	84	55956.46	457675	239	0	0	197048	9	133545	14	56890	25
SRR10072297.fasta	4998255	137	36483.61	317084	208	0	0	135760	13	96897	22	31831	41
SRR10072308.fasta	4946469	117	42277.51	326619	202	0	0	177514	11	111165	18	59956	31
SRR10098854.fasta	5116113	223	22942.21	291096	202	0	0	112057	15	67898	27	19139	55
SRR10098865.fasta	5153429	150	34356.19	416270	220	0	0	134576	12	73469	22	28582	44
SRR10107308.fasta	5577875	412	13538.53	229461	203	0	0	66575	25	32695	48	9670	107
SRR10107309.fasta	5595958	376	14882.87	248341	201	0	0	77250	21	47358	38	10734	86
SRR10107310.fasta	5528468	398	13890.62	353354	201	0	0	111922	17	64105	30	8916	76
SRR10107311.fasta	5540382	433	12795.34	257085	200	0	0	82095	22	44402	38	10166	90
SRR10107312.fasta	5604489	371	15106.44	353142	201	0	0	109898	17	59762	31	12027	71
SRR10107323.fasta	5365299	417	12866.42	187840	206	0	0	60284	28	33994	54	8600	114
SRR10107328.fasta	5618430	374	15022.54	353364	201	0	0	112909	15	68799	28	11486	66
SRR10107330.fasta	5348714	356	15024.48	258872	206	0	0	85817	20	56899	35	12285	77
SRR10107331.fasta	5335581	390	13680.98	245749	206	0	0	74368	24	32079	45	9717	102
SRR10139656.fasta	4893114	349	14020.38	151669	200	0	0	43564	35	31797	61	13215	109
SRR10139813.fasta	5028867	244	20610.11	150935	201	0	0	55933	29	38086	50	14445	92
SRR10140394.fasta	5084495	191	26620.39	230740	208	0	0	83685	20	55960	35	21774	65
SRR10140404.fasta	5086493	159	31990.52	218957	202	0	0	86608	19	54140	34	22819	61
SRR10152561.fasta	5249258	152	34534.59	366178	208	0	0	112160	15	76015	27	34311	47
SRR10156121.fasta	4989422	141	35385.97	317084	208	0	0	135760	13	92872	22	31831	41
SRR10156126.fasta	5466576	145	37700.52	445861	221	0	0	155765	11	109571	19	44058	34
SRR10186409.fasta	5230689	216	24216.15	188333	200	0	0	82066	22	51787	39	18679	70
SRR10186984.fasta	5015831	143	35075.74	389673	202	0	0	133569	12	69358	23	31123	44
SRR10186998.fasta	5096759	154	33095.84	295803	226	0	0	99160	18	60419	31	27116	56
SRR10187053.fasta	5203949	174	29907.75	258855	202	0	0	110747	16	61576	29	26316	54
SRR10225098.fasta	5463939	147	37169.65	438569	223	0	0	154607	12	109557	20	44931	36
SRR10225101.fasta	4999326	142	35206.52	288509	208	0	0	121938	14	83684	24	31831	42
SRR10225109.fasta	5457843	152	35906.86	386678	228	0	0	154617	12	82054	22	32403	41
SRR10240841.fasta	5003049	128	39086.32	318640	202	0	0	111954	13	76759	23	32119	43
SRR10247475.fasta	4703906	82	57364.71	918698	200	0	0	196807	7	140133	13	72697	22
SRR10258879.fasta	4806866	241	19945.50	196337	202	0	0	50738	31	29940	56	13301	102
SRR10267810.fasta	5140655	184	27938.34	318939	202	0	0	135723	14	76759	24	24895	47
SRR10298225.fasta	5186334	188	27586.88	197508	217	0	0	71291	25	48080	43	21738	73
SRR10298226.fasta	5116482	167	30637.62	340044	204	0	0	101052	18	59222	31	25243	59
SRR10325511.fasta	5201204	184	28267.41	296549	202	0	0	111981	15	68618	27	31123	48
SRR10343262.fasta	5087863	166	30649.78	307817	202	0	0	105878	17	69524	28	26322	52
SRR10357563.fasta	5053506	388	13024.50	136536	208	0	0	33979	45	18427	85	7816	165
SRR10360576.fasta	5012869	171	29315.02	373038	202	0	0	114980	12	57776	24	18061	52
SRR10420697.fasta	4849921	132	36741.83	624871	202	0	0	163086	9	111954	16	32236	31
SRR10434797.fasta	4915307	183	26859.60	284090	202	0	0	101691	17	66184	28	20118	55
SRR10437364.fasta	4957336	114	43485.40	326447	202	0	0	123208	13	80989	23	35385	40
SRR10501703.fasta	5058821	192	26348.03	255835	203	0	0	109153	15	66231	27	26268	49
SRR10502058.fasta	4894454	166	29484.66	389241	202	0	0	135034	12	82072	22	31123	40
SRR10503790.fasta	4938165	180	27434.25	288509	202	0	0	92608	18	52415	32	18679	61
SRR10503802.fasta	4916137	177	27774.79	364540	208	0	0	93177	17	59160	30	21678	59
SRR10536667.fasta	4721403	119	39675.66	484019	208	0	0	115948	11	79028	20	34074	40
SRR1177189.fasta	5217785	137	38086.02	324427	202	0	0	136463	13	80051	23	34312	42
SRR1177217.fasta	5220828	148	35275.86	330683	202	0	0	143177	11	89453	21	31123	40
SRR1177252.fasta	5216876	135	38643.53	324427	202	0	0	122453	13	76754	23	34312	43
SRR1177279.fasta	5218275	138	37813.59	324427	202	0	0	137443	12	79023	22	31123	42
SRR1177290.fasta	5217308	132	39525.06	330683	202	0	0	137443	12	93176	21	32661	40
SRR1177572.fasta	5218010	148	35256.82	324427	202	0	0	136463	13	76754	23	28370	45
SRR1177594.fasta	5216941	123	42414.15	330683	202	0	0	143177	11	79023	21	37034	39
SRR1177604.fasta	5000421	111	45048.84	589202	201	0	0	138673	11	98115	19	45068	33
SRR1177607.fasta	5218306	139	37541.77	330683	202	0	0	135763	13	80051	22	32661	42
SRR1177624.fasta	5218806	140	37277.19	330683	202	0	0	143177	11	80051	21	32661	40
SRR1177636.fasta	5218181	134	38941.65	330683	202	0	0	143177	11	79023	21	34312	40
SRR1178266.fasta	5276617	263	20063.18	249167	201	0	0	109586	18	69598	30	23477	56
SRR1181552.fasta	5051844	168	30070.50	318939	202	0	0	140220	13	99189	21	26400	41
SRR1207494.fasta	5157644	206	25037.11	427085	207	0	0	119537	12	76759	23	23603	47
SRR1269417.fasta	4978199	171	29112.27	421596	202	0	0	122191	12	78680	23	26942	44
SRR1301202.fasta	5114191	218	23459.59	322038	208	0	0	99529	17	48970	31	20117	61
SRR1314369.fasta	4830330	128	37736.95	281365	205	0	0	88523	15	60416	28	28353	52
SRR1314427.fasta	4928432	180	27380.18	367363	217	0	0	135166	13	75319	23	30921	42
SRR1916392.fasta	5087855	153	33253.95	318823	201	0	0	112077	13	79023	23	27319	46
SRR2085672.fasta	4990948	104	47989.88	627419	202	0	0	159565	10	98158	18	47137	32
SRR2133202.fasta	4949129	127	38969.52	319219	208	0	0	135330	12	79028	22	38709	38
SRR2970157.fasta	4947796	152	32551.29	322940	222	0	0	111407	14	75307	25	31009	46
SRR2970186.fasta	4897532	121	40475.47	341367	222	0	0	154458	11	81934	20	39936	36
SRR2970193.fasta	4922578	185	26608.53	287896	210	0	0	107597	16	71148	27	26172	50
SRR2970205.fasta	4960717	199	24928.23	354067	221	0	0	138291	12	82375	21	32116	41
SRR2970220.fasta	4935225	230	21457.50	418584	200	0	0	177370	10	111922	17	42554	30
SRR2970231.fasta	4747862	113	42016.48	388568	202	0	0	177369	10	133526	16	43921	28
SRR2970232.fasta	4998185	133	37580.34	842976	201	0	0	184779	8	120175	15	49201	26
SRR2970276.fasta	5022597	124	40504.81	342463	202	0	0	149071	12	94743	21	43921	37
SRR2970277.fasta	5021810	126	39855.63	342463	211	0	0	149071	12	94743	21	43921	37
SRR2970284.fasta	5267443	230	22901.93	345955	200	0	0	131406	14	98126	23	28638	41
SRR3050911.fasta	4918444	111	44310.31	332976	202	0	0	132607	12	85736	22	37010	38
SRR3050951.fasta	4962994	145	34227.54	318202	200	0	0	136712	12	82028	22	31600	41
SRR3057121.fasta	5111163	234	21842.58	346203	202	0	0	109298	13	54754	26	18352	57
SRR3098765.fasta	5157182	344	14991.81	335891	201	0	0	76727	20	46970	37	16841	70
SRR3136837.fasta	4997639	113	44226.89	423463	202	0	0	128215	12	89458	21	44406	35
SRR3143601.fasta	4846373	145	33423.26	373708	200	0	0	123297	12	78908	22	36966	41
SRR3156766.fasta	4995709	103	48502.03	423463	202	0	0	131499	11	91958	21	54754	34
SRR3156776.fasta	4809011	101	47613.97	472895	202	0	0	177514	10	99140	17	43899	30
SRR3173518.fasta	4676966	69	67782.12	484068	202	0	0	196782	8	153258	13	72769	23
SRR3184067.fasta	5076516	155	32751.72	318451	202	0	0	109201	14	76015	25	26340	46
SRR3457725.fasta	4900559	210	23336.00	245457	202	0	0	95918	20	57294	33	18920	61
SRR3465476.fasta	4891833	168	29118.05	242762	202	0	0	81077	21	44860	36	16043	70
SRR3465478.fasta	4876825	272	17929.50	162876	208	0	0	53173	30	29488	55	12710	103
SRR3466362.fasta	5012690	179	28003.85	652654	210	0	0	116068	11	80191	21	35610	39
SRR3466373.fasta	5009742	182	27526.05	302217	213	0	0	140196	12	87858	22	35610	39
SRR3466375.fasta	4787056	111	43126.63	521168	200	0	0	184974	9	111403	15	36840	30
SRR3466376.fasta	4852786	121	40105.67	374319	214	0	0	174847	10	91703	18	43583	32
SRR3578579.fasta	5081218	273	18612.52	224064	200	0	0	76671	22	43607	39	15984	74
SRR3579396.fasta	4772599	155	30790.96	222219	231	0	0	101722	16	56477	29	26204	54
SRR3657449.fasta	5331392	188	28358.47	339087	202	0	0	125131	15	79404	25	34994	45
SRR3931199.fasta	5145409	213	24156.85	333696	202	0	0	140205	12	92503	21	26400	41
SRR3951497.fasta	4912917	129	38084.63	312890	204	0	0	154973	11	95489	19	31051	36
SRR3957074.fasta	4965405	272	18255.17	258415	204	0	0	54883	28	31075	52	12554	101
SRR3957089.fasta	5150792	177	29100.52	649301	219	0	0	122611	12	88226	21	34910	39
SRR3957186.fasta	4983783	265	18806.73	336500	201	0	0	111671	14	73282	25	24185	46
SRR3971186.fasta	4695108	118	39789.05	313477	202	0	0	158558	11	100829	19	34406	34
SRR3972131.fasta	4781832	131	36502.53	233747	204	0	0	93270	15	62188	27	33393	47
SRR3972148.fasta	4914182	90	54602.02	442216	214	0	0	179434	9	118960	15	73335	26
SRR3972151.fasta	5151257	167	30845.85	649301	205	0	0	155144	10	82000	20	35350	38
SRR3972555.fasta	4993187	213	23442.19	349439	221	0	0	131432	14	76077	24	28387	46
SRR3972844.fasta	5037807	194	25968.08	434228	202	0	0	138094	12	99125	20	37738	35
SRR3972934.fasta	5096800	186	27402.15	540652	200	0	0	178703	9	92181	17	33288	34
SRR3977094.fasta	5181610	263	19701.94	276101	204	0	0	95591	18	54837	33	13612	68
SRR3987498.fasta	4809490	145	33168.90	337791	204	0	0	150278	10	111311	17	38527	30
SRR3987507.fasta	4711267	171	27551.27	394317	212	0	0	158523	10	111441	17	43647	29
SRR3987534.fasta	5542747	344	16112.64	162029	216	0	0	47517	34	32311	62	11503	116
SRR3987539.fasta	4865597	277	17565.33	128814	201	0	0	47124	33	26376	62	10584	116
SRR3987568.fasta	4938268	242	20406.07	367292	203	0	0	125710	13	86372	22	21371	44
SRR3987644.fasta	5302144	231	22953.00	247294	201	0	0	110201	16	47532	30	18619	64
SRR3987648.fasta	4975601	142	35039.44	233514	203	0	0	119454	15	65388	26	27913	49
SRR3987673.fasta	4776375	127	37609.25	413850	202	0	0	193451	9	111951	16	61046	26
SRR3987689.fasta	5097582	104	49015.21	433300	201	0	0	158538	11	98107	20	47923	32
SRR3987746.fasta	4996550	149	33533.89	328286	204	0	0	154636	12	76687	21	34922	38
SRR3987912.fasta	4849746	118	41099.54	283809	214	0	0	116631	13	62563	25	29765	47
SRR3987972.fasta	4950337	133	37220.58	400761	231	0	0	155986	10	95114	19	40813	34
SRR3987979.fasta	4987286	137	36403.55	557857	202	0	0	154909	9	98158	18	39277	32
SRR3988135.fasta	5205676	143	36403.33	383485	202	0	0	117461	13	76656	24	31753	43
SRR3988167.fasta	4878804	174	28039.10	269718	206	0	0	93288	17	67042	30	28390	51
SRR3989506.fasta	4821743	91	52986.19	344544	202	0	0	161738	11	140096	17	44074	28
SRR3989588.fasta	4613667	75	61515.56	363584	211	0	0	195731	9	154626	14	60988	23
SRR3989763.fasta	4882935	185	26394.24	385198	204	0	0	118667	13	61347	25	28269	48
SRR3989769.fasta	5190484	228	22765.28	247071	213	0	0	124076	16	76584	26	23654	53
SRR3993799.fasta	4994386	132	37836.26	408859	207	0	0	215615	9	133492	15	43660	27
SRR3993844.fasta	4721209	109	43313.84	336658	201	0	0	178556	10	133480	16	76216	25
SRR4046411.fasta	4871915	117	41640.30	358555	208	0	0	117526	12	77965	23	31822	40
SRR4260153.fasta	5438126	306	17771.65	220345	203	0	0	99034	19	76474	31	16612	58
SRR4263664.fasta	5032666	162	31065.84	455437	204	0	0	152543	11	82012	20	33312	37
SRR4294821.fasta	5112683	111	46060.21	533400	206	0	0	158243	11	101507	18	37040	33
SRR4294822.fasta	5147368	170	30278.64	334615	204	0	0	119830	13	76648	24	26468	49
SRR4294894.fasta	5238367	190	27570.35	361038	200	0	0	114351	13	77931	25	28422	45
SRR4301122.fasta	5130300	153	33531.37	640793	202	0	0	154886	10	111951	18	42187	32
SRR4301123.fasta	5165394	172	30031.36	446262	202	0	0	138413	12	72861	23	28583	43
SRR4340433.fasta	5146400	261	19718.01	322347	201	0	0	104921	15	76649	27	27242	49
SRR5004156.fasta	5180814	119	43536.25	365086	231	0	0	172009	12	100943	20	40702	34
SRR5030800.fasta	5080578	248	20486.20	270586	201	0	0	103227	17	67302	29	19997	56
SRR5031173.fasta	5147001	208	24745.20	302608	201	0	0	92552	19	59943	32	24148	59
SRR5120224.fasta	4736155	84	56382.80	654241	202	0	0	185462	9	133558	15	60792	25
SRR5181652.fasta	5203678	204	25508.23	377822	201	0	0	109223	16	60986	29	24233	55
SRR5187806.fasta	4943897	136	36352.18	299107	219	0	0	111624	13	63871	24	26231	49
SRR5217722.fasta	5271243	133	39633.41	462317	201	0	0	177917	10	83265	19	44074	34
SRR5330816.fasta	5378162	178	30214.39	389787	203	0	0	119762	13	76679	24	28405	46
SRR5330817.fasta	4968843	143	34747.15	412000	219	0	0	134427	11	78512	21	37322	38
SRR5330902.fasta	4966675	207	23993.60	370431	200	0	0	133465	12	88072	21	24428	42
SRR5341918.fasta	5113225	179	28565.50	582025	202	0	0	140096	12	74717	22	28665	44
SRR5341919.fasta	5193845	131	39647.67	356977	202	0	0	154890	11	104838	18	38088	34
SRR5341958.fasta	5165994	220	23481.79	306451	221	0	0	65962	24	42742	43	17111	77
SRR5445232.fasta	5072143	135	37571.43	411750	202	0	0	177510	10	99520	18	37168	33
SRR5459141.fasta	4917832	129	38122.73	423150	208	0	0	149518	10	99124	18	33017	34
SRR5470823.fasta	5112148	107	47777.08	534383	202	0	0	182631	9	111951	16	50177	29
SRR5660166.fasta	4932419	158	31217.84	288284	202	0	0	111922	14	83652	23	30148	42
SRR5660167.fasta	4933760	148	33336.22	446704	202	0	0	111922	13	83652	22	30024	42
SRR5762158.fasta	4980392	162	30743.16	318762	202	0	0	108661	14	76720	25	31123	46
SRR5890288.fasta	5587151	258	21655.62	386822	212	0	0	133544	12	86473	22	30804	42
SRR5890300.fasta	4990707	153	32619.00	318762	202	0	0	109216	15	79023	25	31123	44
SRR5901513.fasta	4893170	110	44483.36	600450	202	0	0	177287	9	104999	16	42334	29
SRR5912882.fasta	4908355	91	53937.97	824417	202	0	0	177514	8	111616	15	42600	29
SRR5943571.fasta	4934576	160	30841.10	288476	202	0	0	111922	14	83652	23	30148	43
SRR5943573.fasta	5098181	198	25748.39	276228	211	0	0	82040	19	52184	34	20620	60
SRR5956527.fasta	4759591	96	49579.07	394515	202	0	0	172559	10	111624	17	46918	29
SRR6039943.fasta	4859533	112	43388.69	400346	202	0	0	145083	12	82066	21	31123	39
SRR6039958.fasta	4936914	155	31851.06	235844	202	0	0	100524	17	71222	29	25494	51
SRR6039966.fasta	5024847	167	30088.90	388701	202	0	0	114993	13	67781	24	32073	45
SRR6039969.fasta	5070803	172	29481.41	308120	208	0	0	101793	17	52418	30	20117	60
SRR6051639.fasta	5104112	103	49554.49	382036	202	0	0	158528	12	98158	20	43899	34
SRR6121975.fasta	5188855	108	48044.95	410473	240	0	0	154307	11	98158	20	28595	41
SRR6121983.fasta	4997541	200	24987.71	255636	201	0	0	105423	17	58987	31	20117	60
SRR6121985.fasta	5191679	193	26899.89	266524	202	0	0	79096	21	48307	37	18027	69
SRR6219699.fasta	5150097	177	29096.59	370489	202	0	0	109914	16	88322	26	31123	45
SRR6219715.fasta	5036650	91	55347.80	383970	222	0	0	188209	11	112068	18	39323	32
SRR6219724.fasta	4873883	129	37782.04	630959	202	0	0	153435	11	101721	19	31804	36
SRR6219924.fasta	5045546	121	41698.73	505229	202	0	0	119772	11	82096	20	34888	39
SRR6231915.fasta	4889985	129	37906.86	283184	255	0	0	130484	13	97456	22	31123	39
SRR6231921.fasta	4912124	125	39296.99	410566	202	0	0	177515	11	88318	19	35848	36
SRR6231923.fasta	5163890	231	22354.50	222774	201	0	0	76173	23	42148	42	18094	76
SRR6231935.fasta	4959865	118	42032.75	410809	208	0	0	111954	13	74441	24	35134	42
SRR6231942.fasta	5063688	206	24581.01	329908	203	0	0	132052	14	84252	24	24354	44
SRR6231944.fasta	5026743	161	31222.01	235676	202	0	0	109216	16	59880	28	21666	55
SRR6238136.fasta	4948769	146	33895.68	370731	208	0	0	112594	13	79023	23	31123	41
SRR6238390.fasta	5094870	182	27993.79	619097	203	0	0	144433	11	93004	21	30835	40
SRR6238424.fasta	4874940	128	38085.47	349202	208	0	0	123749	14	76015	24	31123	42
SRR6292462.fasta	4819800	166	29034.94	253307	202	0	0	92764	19	58259	33	26316	59
SRR6292465.fasta	4949327	207	23909.79	182934	202	0	0	66481	25	45771	43	17566	78
SRR6292797.fasta	4826861	151	31965.97	291056	208	0	0	101005	17	54182	31	19662	60
SRR6292813.fasta	5100189	197	25889.28	266524	220	0	0	83460	20	50490	35	17398	70
SRR6314306.fasta	5125071	242	21177.98	195585	208	0	0	70851	23	32986	44	12552	89
SRR6372968.fasta	4942491	242	20423.52	174791	208	0	0	57249	28	32600	50	14274	93
SRR6373478.fasta	4923692	107	46015.81	318457	208	0	0	135762	11	92883	20	43759	35
SRR6373495.fasta	4883708	156	31305.82	258594	206	0	0	104159	18	79023	29	26301	53
SRR6376579.fasta	4898036	119	41159.97	410361	202	0	0	206186	8	119088	14	42187	27
SRR6376580.fasta	4994952	151	33079.15	339452	202	0	0	133610	12	82066	22	26400	43
SRR6376582.fasta	4898105	118	41509.36	410361	202	0	0	193220	9	111954	15	36357	30
SRR6376586.fasta	5122521	175	29271.55	218455	207	0	0	106770	18	61060	30	24348	58
SRR6376593.fasta	5004654	119	42055.92	410361	202	0	0	193220	10	136019	15	38929	29
SRR6376595.fasta	4898587	126	38877.67	410361	202	0	0	193030	10	111983	16	38088	29
SRR6376596.fasta	4898769	129	37974.95	410361	202	0	0	193220	9	119059	15	38088	28
SRR6376598.fasta	5248648	117	44860.24	410361	202	0	0	194952	9	136019	15	43504	28
SRR640055.fasta	4669224	124	37655.03	415785	200	0	0	158173	11	111431	19	35705	32
SRR6409915.fasta	4876028	703	6936.03	84750	202	0	0	13545	99	7993	190	3101	383
SRR6412356.fasta	4810409	204	23580.44	361171	202	0	0	103169	15	64874	26	22467	52
SRR6412375.fasta	4845547	118	41063.96	318815	202	0	0	143828	12	93586	20	35718	36
SRR6426901.fasta	5072104	142	35719.04	380040	208	0	0	133460	12	76754	22	35134	41
SRR6427137.fasta	4924946	138	35688.01	277473	202	0	0	114150	13	85545	23	28584	44
SRR6427410.fasta	4999985	142	35211.16	318763	207	0	0	134788	12	76760	23	31170	42
SRR6438327.fasta	5122862	203	25235.77	377483	203	0	0	144433	12	82137	22	28584	43
SRR6438329.fasta	5053139	215	23502.97	320970	202	0	0	99578	16	44163	32	16936	67
SRR6441144.fasta	4799237	108	44437.38	424487	211	0	0	135671	11	81994	20	43659	34
SRR6441170.fasta	5140939	195	26363.79	319720	200	0	0	138086	12	80911	22	28414	42
SRR6441236.fasta	4970460	107	46452.90	616998	202	0	0	167001	10	103458	18	43899	31
SRR6497954.fasta	5045239	200	25226.19	276035	208	0	0	97974	16	61057	28	18728	56
SRR6497963.fasta	5132061	207	24792.57	318762	207	0	0	112725	15	79023	25	20117	50
SRR6505023.fasta	4810531	100	48105.31	605690	202	0	0	177514	9	107511	16	51533	28
SRR6505046.fasta	4821576	108	44644.22	417417	202	0	0	117705	13	97974	21	35758	36
SRR6505050.fasta	4745557	101	46985.71	286270	202	0	0	137367	12	92155	20	40072	35
SRR6681083.fasta	4991367	158	31590.93	426812	227	0	0	112077	13	79023	23	25582	44
SRR6681176.fasta	5044948	119	42394.52	382463	202	0	0	112160	14	76759	25	29933	43
SRR6683918.fasta	5126354	155	33073.25	403182	202	0	0	125636	12	82078	22	31123	39
SRR6701906.fasta	4846200	226	21443.36	196607	200	0	0	83562	21	45728	36	15216	68
SRR6713394.fasta	4899737	132	37119.22	358931	208	0	0	103882	13	64667	25	26316	47
SRR6713428.fasta	5085892	176	28897.11	324644	208	0	0	112077	14	56511	27	21404	54
SRR6713463.fasta	5049095	150	33660.63	498544	222	0	0	152571	10	102907	18	35157	32
SRR6724040.fasta	5181250	189	27414.02	516997	211	0	0	111687	13	82028	23	25137	44
SRR6724042.fasta	5163655	176	29338.95	516999	211	0	0	111922	13	82028	23	25451	43
SRR6724044.fasta	5062405	141	35903.58	587948	205	0	0	135732	10	78991	20	38294	37
SRR6724076.fasta	5092511	158	32231.08	466493	208	0	0	112077	13	69141	24	26316	46
SRR6726710.fasta	4987932	119	41915.39	847713	207	0	0	185700	8	119071	15	45588	27
SRR6764074.fasta	5032650	305	16500.49	247273	218	0	0	44012	33	29250	61	9852	118
SRR6764085.fasta	5060331	196	25818.02	406743	218	0	0	133543	13	86933	23	26131	43
SRR6764086.fasta	5058716	192	26347.48	407919	201	0	0	104540	13	79363	24	26316	46
SRR6764105.fasta	4993831	258	19355.93	170250	208	0	0	54494	28	33467	52	12411	95
SRR6764128.fasta	5014322	409	12259.96	149288	218	0	0	29052	52	18040	94	6192	190
SRR6764142.fasta	5043423	212	23789.73	287882	240	0	0	85930	19	52880	32	16783	64
SRR6764213.fasta	5165249	137	37702.55	335298	246	0	0	123878	13	87462	23	33980	40
SRR6787576.fasta	5161193	196	26332.62	342105	202	0	0	91809	18	54596	33	21664	63
SRR6810047.fasta	4997568	170	29397.46	288521	208	0	0	98175	17	54381	30	26376	57
SRR6818532.fasta	5117250	167	30642.22	318762	208	0	0	112821	14	68997	25	24877	48
SRR6818568.fasta	5210729	179	29110.22	342412	201	0	0	145492	13	80433	23	27223	46
SRR6844212.fasta	5114728	123	41583.15	381869	207	0	0	128469	12	82072	22	35866	39
SRR6844253.fasta	4895744	177	27659.57	242991	202	0	0	86243	19	60418	32	17293	62
SRR6876311.fasta	4946845	170	29099.09	255883	208	0	0	101059	15	57048	28	18899	54
SRR6876312.fasta	5033095	178	28275.81	297715	208	0	0	93620	17	61058	30	22788	57
SRR6930653.fasta	4948482	123	40231.56	317459	202	0	0	185876	10	109880	18	35275	35
SRR6933174.fasta	5039471	181	27842.38	292967	226	0	0	163709	11	79026	20	24347	43
SRR6973045.fasta	5073948	188	26989.09	319856	202	0	0	111954	14	61622	26	19961	54
SRR6973073.fasta	4846960	111	43666.31	579874	202	0	0	143858	10	77676	19	30214	37
SRR6986355.fasta	4938790	155	31863.16	288359	208	0	0	100855	16	64592	28	26942	51
SRR7009031.fasta	4969998	143	34755.23	426341	231	0	0	113260	14	76015	25	26316	47
SRR7064595.fasta	5029126	239	21042.37	230436	208	0	0	52100	30	34729	54	14300	97
SRR7065404.fasta	5234057	210	24924.08	264117	202	0	0	100647	17	59062	30	21469	58
SRR7084525.fasta	5240604	206	25439.83	266169	206	0	0	93144	18	60385	32	19199	64
SRR7084884.fasta	4905507	97	50572.24	683595	202	0	0	216593	7	133544	12	42327	25
SRR7095754.fasta	4897850	156	31396.47	286198	207	0	0	103916	14	55656	27	26567	53
SRR7095770.fasta	4942505	203	24347.32	218507	200	0	0	86268	19	52295	34	21880	61
SRR7130336.fasta	5041339	210	24006.38	326414	202	0	0	116630	14	72776	24	22888	48
SRR7135448.fasta	4949537	153	32349.92	397072	231	0	0	115609	12	77903	23	36358	41
SRR7135463.fasta	5053151	280	18046.97	195385	202	0	0	70731	23	46604	40	15165	76
SRR7140568.fasta	5091680	190	26798.32	504703	202	0	0	93179	18	55143	32	17951	66
SRR7140583.fasta	5015459	160	31346.62	314488	206	0	0	92875	17	54443	31	24592	57
SRR7140597.fasta	5010347	157	31913.04	361941	202	0	0	97957	16	60778	28	29837	51
SRR7140611.fasta	4966465	126	39416.39	328230	202	0	0	116745	13	86940	22	26316	44
SRR7140620.fasta	5219220	225	23196.53	259628	202	0	0	101385	18	46648	35	16583	70
SRR7154649.fasta	5021534	130	38627.18	410567	202	0	0	117054	13	79023	23	32206	41
SRR7192408.fasta	5223815	336	15547.07	178409	210	0	0	51053	30	29003	59	9530	118
SRR7221526.fasta	5035077	229	21987.24	193211	217	0	0	69777	24	36288	44	15396	85
SRR7230146.fasta	5201760	280	18577.71	262537	202	0	0	85749	22	42162	39	13594	76
SRR7257344.fasta	4987453	144	34635.09	549067	203	0	0	101001	13	65216	25	28567	50
SRR7263703.fasta	4873731	97	50244.65	576689	208	0	0	177512	8	97974	17	50972	31
SRR7284856.fasta	5014403	169	29671.02	288509	208	0	0	97974	18	66414	30	19958	57
SRR7360399.fasta	4998262	153	32668.38	426564	208	0	0	105401	15	56847	28	21775	55
SRR7360579.fasta	5262167	224	23491.82	288509	201	0	0	76732	21	41796	39	15775	79
SRR7360580.fasta	4918551	134	36705.60	579004	202	0	0	115865	12	76759	23	26316	42
SRR7360586.fasta	5179552	187	27698.14	379571	202	0	0	133558	13	76758	23	24348	47
SRR7439284.fasta	4904065	154	31844.58	281476	202	0	0	105018	15	66690	27	34047	47
SRR7439672.fasta	4895396	154	31788.29	312870	202	0	0	109216	14	51170	27	24957	55
SRR7468981.fasta	4942872	163	30324.37	388027	208	0	0	116738	14	65522	25	21881	49
SRR7499269.fasta	4898852	164	29871.05	432342	202	0	0	158528	11	79003	19	26032	39
SRR7500674.fasta	4978627	169	29459.33	321296	226	0	0	105357	15	61058	27	18679	55
SRR7500862.fasta	4957275	156	31777.40	270595	208	0	0	96897	17	58031	31	27501	56
SRR7501033.fasta	5217172	251	20785.55	318640	201	0	0	97974	16	61656	30	21693	57
SRR7527934.fasta	4871650	96	50746.35	283952	211	0	0	154691	12	111592	19	38233	34
SRR7543308.fasta	5165307	214	24136.95	295601	202	0	0	88313	17	51380	33	14977	67
SRR7543358.fasta	4981617	194	25678.44	210462	208	0	0	87551	19	43180	36	20176	67
SRR7615132.fasta	4714500	120	39287.50	331076	202	0	0	107464	16	80993	25	28242	45
SRR7624308.fasta	4924708	158	31169.04	611317	202	0	0	116038	11	77391	21	32341	40
SRR7638129.fasta	5037195	214	23538.29	271785	208	0	0	54790	24	36123	46	16452	86
SRR7647877.fasta	5054663	166	30449.78	317206	208	0	0	109407	15	67396	26	24876	51
SRR7693499.fasta	4795681	194	24720.01	197050	202	0	0	67882	22	39656	40	17496	76
SRR7693501.fasta	4832451	123	39288.22	264342	202	0	0	133558	14	89095	23	38088	40
SRR7693678.fasta	5255234	303	17344.01	148156	202	0	0	58048	32	32658	57	11123	109
SRR7707874.fasta	4991174	163	30620.70	247126	202	0	0	92241	19	51579	34	24335	64
SRR7707885.fasta	5053218	197	25650.85	263753	202	0	0	88318	18	47866	32	18275	66
SRR7707893.fasta	5173664	209	24754.37	288507	201	0	0	93178	17	43306	35	20117	67
SRR7724534.fasta	5047554	181	27887.04	285989	208	0	0	85786	18	52414	33	22071	64
SRR7724612.fasta	5121051	144	35562.85	300597	211	0	0	111566	14	67253	26	32860	46
SRR7724751.fasta	4985705	196	25437.27	413479	211	0	0	111566	12	60914	23	28341	46
SRR7726367.fasta	5100892	155	32908.98	411350	202	0	0	138674	11	79024	21	29932	42
SRR7749328.fasta	5034496	198	25426.75	317206	208	0	0	84620	20	43463	36	17895	69
SRR7754588.fasta	5137372	156	32931.87	412465	208	0	0	110624	13	79037	24	26316	45
SRR7754589.fasta	4942630	112	44130.62	390614	207	0	0	134787	11	99645	20	38960	37
SRR7786651.fasta	4715724	103	45783.73	296764	202	0	0	121834	14	84554	23	35275	39
SRR7786660.fasta	4720012	77	61298.86	484028	202	0	0	196782	8	119057	14	70180	24
SRR7789472.fasta	4916570	157	31315.73	253971	208	0	0	83685	20	49338	35	26316	62
SRR7828666.fasta	5016460	185	27116.00	300382	203	0	0	111639	14	75372	25	28708	48
SRR7828700.fasta	4776757	214	22321.29	195144	203	0	0	78198	19	50739	34	16658	66
SRR7828790.fasta	4959553	290	17101.91	196490	201	0	0	52340	29	31147	55	9204	109
SRR785679.fasta	5140291	306	16798.34	270611	200	0	0	102841	16	60937	28	19997	56
SRR7866002.fasta	5183905	156	33230.16	542478	202	0	0	98143	18	58206	31	22810	60
SRR7866003.fasta	5221341	207	25223.87	235735	202	0	0	94805	20	61622	33	19728	63
SRR7866010.fasta	5098717	227	22461.31	230726	207	0	0	79039	21	38630	39	13973	78
SRR7870880.fasta	4781203	109	43864.25	1058946	202	0	0	236301	6	133557	12	44177	22
SRR7870883.fasta	4945596	159	31104.38	374358	202	0	0	103606	16	75969	27	31123	47
SRR7874650.fasta	5015816	253	19825.36	323753	200	0	0	116570	15	76627	25	24808	48
SRR7874651.fasta	4997709	207	24143.52	280713	200	0	0	109084	15	76033	26	23246	51
SRR7883782.fasta	5148550	169	30464.79	318082	202	0	0	121760	14	77035	24	31061	46
SRR7884476.fasta	4867961	146	33342.20	512155	208	0	0	113262	12	76759	22	34312	41
SRR7896464.fasta	4747250	144	32967.01	347619	208	0	0	106615	15	76760	26	24686	50
SRR7903256.fasta	4954601	181	27373.49	274555	238	0	0	76450	19	44353	36	19700	68
SRR7940157.fasta	4937365	157	31448.18	387694	202	0	0	126053	12	72851	22	31835	44
SRR7940165.fasta	5787112	291	19886.98	260577	201	0	0	98158	19	55541	34	16806	71
SRR7940169.fasta	5055123	107	47244.14	507805	202	0	0	154952	10	107545	17	38094	31
SRR7940182.fasta	4744393	77	61615.49	337132	202	0	0	180851	10	111954	17	57148	28
SRR7940211.fasta	5304803	215	24673.50	222774	209	0	0	98630	18	57894	32	20117	63
SRR8050352.fasta	5045773	100	50457.73	386561	238	0	0	146371	11	92851	19	42367	34
SRR8050353.fasta	5234490	228	22958.29	585409	201	0	0	114747	14	84313	24	26316	45
SRR8050354.fasta	5228903	247	21169.65	289196	202	0	0	100752	18	64745	30	19989	57
SRR8080760.fasta	4845559	114	42504.90	315366	202	0	0	115967	13	79023	23	32298	43
SRR8095417.fasta	5001163	144	34730.30	377537	202	0	0	112077	14	73083	25	22243	48
SRR8095422.fasta	5053665	180	28075.92	376474	202	0	0	95495	16	52415	31	18462	63
SRR8095426.fasta	4952730	145	34156.76	585729	202	0	0	163066	9	88258	18	33229	33
SRR8095441.fasta	4862215	120	40518.46	367522	202	0	0	148893	11	109308	18	41792	33
SRR8095461.fasta	5088498	84	60577.36	597829	227	0	0	188211	9	132778	15	59307	26
SRR8095480.fasta	5076971	137	37058.18	296027	202	0	0	109227	15	76753	26	35525	44
SRR8095502.fasta	4896687	116	42212.82	410567	226	0	0	134586	10	86581	19	44095	34
SRR8095565.fasta	4989106	104	47972.17	615808	202	0	0	159565	10	103155	17	49592	30
SRR8095598.fasta	5052044	171	29544.12	380001	202	0	0	111954	12	76759	23	28176	44
SRR8095638.fasta	5188153	190	27306.07	251234	202	0	0	92177	18	59452	32	20019	63
SRR8095675.fasta	4936879	188	26259.99	291840	207	0	0	97974	17	67559	29	20795	55
SRR8095677.fasta	5049043	173	29185.22	265270	200	0	0	106567	15	64299	27	24875	51
SRR8095680.fasta	5105607	139	36730.99	279041	208	0	0	112727	14	83685	24	30192	43
SRR8095707.fasta	4945316	143	34582.63	348719	202	0	0	112160	15	64212	27	31123	47
SRR8095722.fasta	5055963	194	26061.66	249449	208	0	0	99160	18	53792	33	18679	62
SRR8095730.fasta	4905788	131	37448.76	410567	208	0	0	125180	11	82078	20	38087	37
SRR8095740.fasta	4975893	142	35041.50	310142	214	0	0	116277	13	74483	24	31123	45
SRR8095770.fasta	4951106	115	43053.10	334095	221	0	0	144798	11	82090	20	35347	37
SRR8095810.fasta	5035356	176	28609.98	329607	226	0	0	114839	14	67312	24	26317	48
SRR8095811.fasta	4946535	152	32542.99	288359	202	0	0	103644	16	63317	28	26400	51
SRR8095858.fasta	4957689	128	38731.95	516985	202	0	0	111954	11	79055	21	35347	38
SRR8095862.fasta	5276341	124	42551.14	442924	202	0	0	150503	11	91832	20	42186	36
SRR8095893.fasta	4801890	92	52194.46	352798	202	0	0	193451	9	134275	15	76759	24
SRR8095905.fasta	5014204	142	35311.30	346393	203	0	0	163654	11	98209	18	31123	35
SRR8095918.fasta	5001822	146	34259.05	356019	209	0	0	115779	14	82060	24	33319	44
SRR8095949.fasta	4970518	127	39137.94	286804	208	0	0	110726	15	82226	25	31123	44
SRR8140215.fasta	5142721	221	23270.23	315072	202	0	0	113607	15	69980	26	25718	48
SRR8140236.fasta	4853963	120	40449.69	297468	202	0	0	116419	14	88318	24	31042	40
SRR8140243.fasta	4854673	110	44133.39	423123	202	0	0	133545	12	92827	21	38088	35
SRR8140251.fasta	4836857	112	43186.22	374002	202	0	0	143664	11	110021	18	43035	31
SRR8157249.fasta	5341392	277	19283.00	222953	200	0	0	83668	22	40355	41	15064	83
SRR8157255.fasta	5117328	172	29751.91	359465	202	0	0	119496	13	73494	24	26316	47
SRR8172608.fasta	5099870	248	20563.99	355095	200	0	0	106584	14	69023	26	20891	51
SRR8236490.fasta	4916603	127	38713.41	265026	202	0	0	111594	14	72862	25	30279	46
SRR8236495.fasta	4946909	121	40883.55	308480	208	0	0	122327	15	82054	25	34994	41
SRR8236496.fasta	5091328	118	43146.85	410568	208	0	0	135764	11	86165	21	42186	37
SRR8236499.fasta	4786883	139	34438.01	321134	226	0	0	103145	16	61065	28	28131	49
SRR8236501.fasta	5191513	203	25573.96	256250	202	0	0	88322	19	57808	33	17637	65
SRR8236506.fasta	4893400	174	28122.99	268030	208	0	0	79028	18	50266	33	14302	68
SRR8236526.fasta	4787414	148	32347.39	240725	202	0	0	103236	16	61664	28	20254	52
SRR8270014.fasta	4831301	114	42379.83	310136	202	0	0	125716	13	88712	22	37285	37
SRR8270033.fasta	5049004	150	33660.03	337908	208	0	0	126046	12	79312	22	35134	40
SRR8310802.fasta	5011904	163	30747.88	314074	226	0	0	177254	11	75511	21	24271	44
SRR8310809.fasta	5083739	133	38223.60	280187	231	0	0	122610	15	92864	24	26920	43
SRR8310825.fasta	4790871	90	53231.90	387571	208	0	0	193452	9	121370	15	44074	28
SRR8310834.fasta	5142011	211	24369.72	358500	211	0	0	85460	19	60300	32	20117	61
SRR8313106.fasta	4849651	90	53885.01	618883	202	0	0	159565	9	100825	17	37842	32
SRR8313111.fasta	4826515	92	52462.12	824379	202	0	0	193452	8	82537	15	38088	29
SRR8350812.fasta	5140314	162	31730.33	456748	202	0	0	111660	15	76759	26	31123	46
SRR8350814.fasta	4991391	186	26835.44	305565	202	0	0	82987	19	53970	32	19318	63
SRR8350825.fasta	4929442	127	38814.50	454363	202	0	0	154627	11	88318	19	31326	36
SRR8364830.fasta	5050469	135	37410.88	578795	202	0	0	154708	10	98158	18	38088	34
SRR8381451.fasta	4932583	151	32666.11	230458	208	0	0	104412	16	60481	29	20986	54
SRR8381461.fasta	5037806	182	27680.25	238635	202	0	0	116029	15	65197	25	26316	50
SRR8397488.fasta	5207151	167	31180.54	317839	202	0	0	121434	13	76759	23	25330	47
SRR8397529.fasta	5206258	192	27115.93	289190	202	0	0	111034	15	53245	28	22962	55
SRR8397548.fasta	5149652	165	31210.01	316632	206	0	0	109294	15	70125	27	22246	52
SRR8397785.fasta	4857938	177	27445.98	317310	208	0	0	112160	15	76015	26	24209	47
SRR8502414.fasta	4974700	191	26045.55	291246	208	0	0	77531	20	46149	36	22671	65
SRR8505933.fasta	4960440	130	38157.23	358501	202	0	0	123535	13	97974	21	37465	37
SRR8533535.fasta	5127732	260	19722.05	281814	200	0	0	109183	16	59016	28	23048	56
SRR8533708.fasta	4766047	163	29239.55	315686	211	0	0	101129	15	60268	27	22187	53
SRR8544233.fasta	5120516	289	17718.05	206114	201	0	0	82318	22	47107	38	14166	73
SRR8582168.fasta	4859325	110	44175.68	410566	208	0	0	122065	12	79023	22	38274	38
SRR8592560.fasta	5028213	176	28569.39	312279	201	0	0	93178	19	52597	33	17234	64
SRR8592581.fasta	5130074	211	24313.15	230043	202	0	0	77749	22	44831	40	19360	73
SRR8643749.fasta	4952655	222	22309.26	274479	202	0	0	88321	19	58705	32	20118	61
SRR8649793.fasta	5040488	216	23335.59	365423	202	0	0	117523	14	67573	26	23807	51
SRR8649942.fasta	5074674	142	35737.14	426656	227	0	0	113262	14	76804	25	31123	44
SRR8649943.fasta	4922909	136	36197.86	270704	208	0	0	112160	14	75179	24	26444	46
SRR8649951.fasta	4782938	92	51988.46	410592	209	0	0	169326	10	101465	17	43920	31
SRR8649953.fasta	5264058	130	40492.75	552126	202	0	0	109876	14	76015	26	34311	45
SRR8649967.fasta	4913080	119	41286.39	337247	208	0	0	135330	11	93178	19	33528	36
SRR8649976.fasta	4913458	96	51181.85	586828	202	0	0	177514	9	98158	16	51396	29
SRR8663204.fasta	4642167	106	43794.03	244495	202	0	0	111954	13	89864	22	34994	38
SRR8663222.fasta	4642612	119	39013.55	244748	202	0	0	107466	15	60668	25	31123	45
SRR8663235.fasta	4644251	126	36859.13	244495	202	0	0	98021	17	76705	27	31123	46
SRR8699412.fasta	5068033	199	25467.50	381576	208	0	0	109212	14	76667	25	23853	48
SRR8721839.fasta	5110353	143	35736.73	356019	201	0	0	103560	16	76759	27	31123	49
SRR8723084.fasta	4970043	131	37939.26	315247	202	0	0	109986	13	76759	24	31123	45
SRR8723124.fasta	5083458	148	34347.69	378513	208	0	0	113015	14	78401	24	26983	45
SRR8745375.fasta	4869713	128	38044.63	288509	208	0	0	117006	13	82060	23	31831	41
SRR8754953.fasta	5106093	172	29686.59	355845	209	0	0	113262	15	75908	26	25864	49
SRR8754963.fasta	4871674	118	41285.37	308480	208	0	0	109298	15	71384	26	34994	44
SRR8778441.fasta	4804212	94	51108.64	385248	202	0	0	158528	11	98158	19	52510	31
SRR8782365.fasta	5244228	276	19000.83	393967	202	0	0	161491	11	92006	20	18610	45
SRR8784424.fasta	4810717	81	59391.57	858140	202	0	0	185879	8	109923	14	67659	25
SRR8792517.fasta	4688133	120	39067.78	355983	208	0	0	115894	13	76720	23	34994	40
SRR8832736.fasta	4975370	225	22112.76	325790	208	0	0	133422	14	83378	23	26196	43
SRR8833926.fasta	4751905	78	60921.86	627742	202	0	0	169602	9	128324	15	43899	27
SRR8838499.fasta	5164859	169	30561.30	337769	212	0	0	116693	15	56148	29	17694	59
SRR8838540.fasta	5581229	362	15417.76	279625	202	0	0	85007	21	38307	41	10167	96
SRR8838615.fasta	5055633	216	23405.71	326946	206	0	0	107728	16	57748	29	20311	58
SRR8839655.fasta	5890098	407	14471.99	340298	202	0	0	99156	18	45368	35	10504	82
SRR8868852.fasta	4792423	197	24327.02	196205	202	0	0	65490	21	48196	38	16797	71
SRR8996048.fasta	4896999	174	28143.67	579808	202	0	0	116660	13	76320	23	22358	49
SRR8996056.fasta	4954571	163	30396.14	265159	208	0	0	116211	14	76759	25	25046	49
SRR8996713.fasta	5092994	184	27679.32	318702	202	0	0	112078	13	70395	25	24240	48
SRR9017025.fasta	5287082	184	28734.14	349225	208	0	0	103346	17	59992	31	21625	58
SRR9029559.fasta	5223414	201	25987.13	282232	201	0	0	139630	13	69549	24	29703	46
SRR9029858.fasta	4912039	183	26841.74	290853	208	0	0	77160	20	53695	35	16853	66
SRR9041545.fasta	4884456	113	43225.27	441855	208	0	0	116687	13	71384	23	38086	41
SRR9048651.fasta	5054204	164	30818.32	298533	208	0	0	109216	13	64862	25	23768	50
SRR9048668.fasta	5088428	201	25315.56	255593	202	0	0	91533	19	44207	35	16762	71
SRR9048670.fasta	5123982	166	30867.36	410131	201	0	0	90424	17	51266	32	18909	63
SRR9049544.fasta	4863591	100	48635.91	402862	202	0	0	158294	11	97484	19	44074	33
SRR9066705.fasta	5208762	176	29595.24	338228	231	0	0	102977	17	59160	29	20338	59
SRR9066949.fasta	5195049	230	22587.17	454120	202	0	0	102095	15	77234	26	28485	46
SRR9105559.fasta	5033096	160	31456.85	318894	202	0	0	131988	14	82971	24	25617	47
SRR9105563.fasta	4802502	98	49005.12	382968	202	0	0	177514	10	81236	18	42187	33
SRR9105600.fasta	5228409	165	31687.33	398108	202	0	0	111954	15	76759	27	30016	49
SRR9105610.fasta	4758029	124	38371.20	285254	211	0	0	115981	14	78071	24	33204	40
SRR9108421.fasta	4690095	108	43426.81	501645	208	0	0	134336	10	82060	19	42186	34
SRR9139850.fasta	5164243	278	18576.41	246846	207	0	0	53478	27	32119	53	12158	106
SRR9153325.fasta	4902836	126	38911.40	318762	208	0	0	134788	13	80434	22	34838	41
SRR9160036.fasta	4997039	79	63253.66	617218	202	0	0	196920	8	133558	14	63472	26
SRR9160366.fasta	5010024	88	56932.09	617218	202	0	0	196695	9	112068	15	66989	26
SRR9201949.fasta	5192774	169	30726.47	352756	201	0	0	103685	16	60420	28	25789	53
SRR9214238.fasta	4667792	93	50191.31	519087	202	0	0	167448	9	99124	16	45867	29
SRR9262889.fasta	5056031	206	24543.84	280662	203	0	0	130407	14	67266	24	24436	48
SRR9265272.fasta	4872619	149	32702.14	215501	208	0	0	106652	17	59884	29	24335	52
SRR9265273.fasta	5095458	149	34197.70	317001	226	0	0	116015	14	76136	25	27853	46
SRR9265296.fasta	5093665	179	28456.23	298039	208	0	0	116661	15	61060	26	23756	52
SRR9301016.fasta	4669831	95	49156.12	353817	202	0	0	177514	10	112056	17	61060	28
SRR9324322.fasta	5357444	169	31700.85	212761	202	0	0	102495	18	59824	31	25884	58
SRR9331790.fasta	5079882	142	35773.82	302876	202	0	0	103560	18	60420	30	26316	56
SRR9593782.fasta	5044688	138	36555.71	449578	202	0	0	185875	10	99189	17	38129	31
SRR9615914.fasta	4936404	181	27272.95	563631	201	0	0	109096	13	62404	25	28171	47
SRR9616006.fasta	5021724	178	28211.93	343970	201	0	0	101392	15	56484	29	28365	51
SRR9646352.fasta	5110102	125	40880.82	259957	208	0	0	115450	15	62530	27	26316	51
SRR9648194.fasta	4772963	139	34337.86	236343	202	0	0	82719	19	64387	32	28784	54
SRR9648203.fasta	4898686	121	40485.01	500593	202	0	0	116619	12	74989	22	25571	46
SRR9648216.fasta	5240736	216	24262.67	313753	202	0	0	110653	15	71284	26	20350	51
SRR9734567.fasta	4987068	196	25444.22	220531	211	0	0	83613	20	58241	35	16630	63
SRR9823029.fasta	5140975	250	20563.90	327077	203	0	0	119980	15	59821	27	21017	56
SRR9823032.fasta	5001820	166	30131.45	264227	208	0	0	99479	16	61060	29	26898	54
SRR9824445.fasta	5292136	232	22810.93	287907	207	0	0	90969	18	60480	32	15753	65
SRR9852823.fasta	5231798	166	31516.86	365054	202	0	0	112160	14	76015	26	31123	47
SRR9852824.fasta	4725450	108	43754.17	410567	202	0	0	144303	9	97193	17	41365	31
SRR9875276.fasta	5062784	150	33751.89	292608	209	0	0	116109	15	79701	25	31123	44
SRR9875321.fasta	4738505	110	43077.32	322525	202	0	0	145912	11	95401	18	37842	35
SRR9887388.fasta	4930604	149	33091.30	318762	208	0	0	135329	13	93178	22	32697	39
SRR9887395.fasta	4944422	157	31493.13	318762	208	0	0	134628	13	83684	23	30180	41
SRR9887396.fasta	4935259	149	33122.54	318761	202	0	0	134628	13	83684	23	32593	40
SRR9913778.fasta	4729370	102	46366.37	478151	203	0	0	158960	10	99157	17	42710	30
SRR9913803.fasta	5265473	222	23718.35	331771	208	0	0	151269	12	101248	20	24201	43
SRR9913823.fasta	5166011	189	27333.39	427015	208	0	0	133512	12	82022	23	27918	42
SRR9913825.fasta	5104439	190	26865.47	264903	206	0	0	81416	20	43595	37	21598	69
SRR9913849.fasta	5272525	175	30128.71	548997	218	0	0	123022	12	78375	23	40040	40
SRR9913889.fasta	5094806	123	41421.19	454124	206	0	0	117491	12	82540	22	31091	40
SRR9913910.fasta	5008744	131	38234.69	342913	211	0	0	135731	11	66213	22	37010	42
SRR9913955.fasta	5009643	222	22565.96	614335	201	0	0	133762	11	90937	20	27582	40
SRR9914014.fasta	5164700	166	31112.65	428692	207	0	0	133511	13	92174	23	34962	40
SRR9914058.fasta	5062823	224	22601.89	222686	207	0	0	122900	15	75937	25	24201	49
SRR9914065.fasta	5089480	152	33483.42	419918	207	0	0	152927	12	98126	20	35102	37
SRR9914075.fasta	5137094	224	22933.46	333664	202	0	0	131276	13	69760	24	31458	44
SRR9914141.fasta	5018404	175	28676.59	560231	202	0	0	146980	9	82028	19	31091	36
SRR9914165.fasta	4752620	156	30465.51	313090	221	0	0	133514	12	82070	22	31091	40
SRR9914244.fasta	5019635	163	30795.31	295131	202	0	0	146084	12	82515	20	30775	39
SRR9914256.fasta	5347856	173	30912.46	583916	206	0	0	148711	12	99572	21	31091	38
SRR9962769.fasta	4649409	126	36900.07	281074	238	0	0	91914	17	49678	30	25401	56
SRR9962797.fasta	4967937	170	29223.16	222479	210	0	0	87875	19	47386	35	22713	66
SRR9965262.fasta	5088388	119	42759.56	440019	202	0	0	137630	11	100470	19	40385	34
SRR9973073.fasta	5005852	159	31483.35	308480	203	0	0	116269	15	76015	26	25354	49
SS_2_G2.fasta	4914159	141	34852.19	412752	209	0	0	145101	11	93876	19	34962	36
SS_2_H5.fasta	5190992	238	21810.89	270597	205	0	0	104467	16	76625	27	20165	50
SS_3_G3.fasta	4997858	169	29573.12	270596	211	0	0	109177	15	82028	25	27199	46
SS_4_E2.fasta	4998086	187	26727.73	318546	200	0	0	113910	14	76141	25	25809	48
SS_4_G3.fasta	4763023	107	44514.23	282816	211	0	0	133513	13	99092	21	37123	36
SS_4_G5.fasta	4662164	94	49597.49	458410	211	0	0	185837	9	111922	16	43920	29
SS_4_H10.fasta	5002239	188	26607.65	355987	211	0	0	109184	14	74884	25	30687	46
SS_5_B4.fasta	5657319	702	8058.86	316559	211	0	0	68063	23	25259	49	4485	159
SS_5_E10.fasta	4760181	101	47130.50	361845	206	0	0	139875	12	99092	20	37064	35
SS_5_E11.fasta	5744813	740	7763.26	289334	203	0	0	47757	27	22374	63	3356	194
SS_5_H2.fasta	5278934	421	12539.04	291470	217	0	0	112613	15	50947	29	15972	65
SS_5_H8.fasta	5019930	196	25611.89	281591	200	0	0	113910	14	72252	26	24201	51
TZ124.fasta	4988896	201	24820.38	269109	202	0	0	116641	15	70474	26	26220	48
TZ97.fasta	4924145	195	25252.03	269109	225	0	0	109131	16	70653	27	24788	50
Vlees_ESBL_2012_133.fasta	4924934	294	16751.48	258907	203	0	0	70613	22	31027	46	10783	96
Vlees_ESBL_2013_0170.fasta	5101006	242	21078.54	394278	202	0	0	109121	14	70422	26	26236	49
Vlees_ESBL_2013_1236.fasta	5289224	209	25307.29	576580	200	0	0	111639	13	69444	24	29534	49
Vlees_ESBL_2013_1429.fasta	4867969	182	26747.08	305273	202	0	0	128154	12	88011	21	34898	39
Vlees_ESBL_2014_1504.fasta	5371523	192	27976.68	343290	216	0	0	150617	12	82218	22	28406	42
